2026-09-27	tt0111161	9.3	3242795	1994.0	The Shawshank Redemption	Drama	movie
2026-09-27	tt0468569	9.1	3230920	2008.0	The Dark Knight	Crime,Thriller	movie
2026-09-27	tt1375666	8.8	2872357	2010.0	Inception	Adventure,Sci-Fi,Thriller	movie
2026-09-27	tt0903747	9.5	2681127	2008.0	Breaking Bad	Crime,Drama,Thriller	series
2026-09-27	tt0068646	9.2	2258769	1972.0	The Godfather	Crime,Drama	movie
2026-09-27	tt1345836	8.4	2029581	2012.0	The Dark Knight Rises	Crime,Thriller	movie
2026-09-27	tt0167261	8.8	1985941	2002.0	The Lord of the Rings: The Two Towers	Adventure,Drama,Fantasy	movie
2026-09-27	tt0102926	8.6	1751642	1991.0	The Silence of the Lambs	Crime,Drama,Horror	movie
2026-09-27	tt0108052	9.0	1604885	1993.0	Schindler's List	Biography,Drama,History	movie
2026-09-27	tt0071562	9.0	1514871	1974.0	The Godfather Part II	Crime,Drama	movie
2026-09-27	tt0108778	8.8	1208948	1994.0	Friends	Comedy,Romance	series
2026-09-27	tt1392170	7.2	1095721	2012.0	The Hunger Games	Action,Adventure,Sci-Fi	movie
2026-09-27	tt7366338	9.3	1066732	2019.0	Chernobyl	Drama,History,Thriller	series
2026-09-27	tt0145487	7.4	998637	2002.0	Spider-Man	Action,Adventure,Sci-Fi	movie
2026-09-27	tt0120915	6.5	939729	1999.0	Star Wars: Episode I - The Phantom Menace	Action,Adventure,Fantasy	movie
2026-09-27	tt3032476	9.0	866047	2015.0	Better Call Saul	Crime,Drama	series
2026-09-27	tt0386676	9.0	851733	2005.0	The Office	Comedy	series
2026-09-27	tt1386697	5.9	767326	2016.0	Suicide Squad	Action,Adventure,Fantasy	movie
2026-09-27	tt2560140	9.1	749137	2013.0	Attack on Titan	Action,Adventure,Animation	series
2026-09-27	tt0185906	9.4	606110	2001.0	Band of Brothers	Action,Drama,History	series
2026-09-27	tt1099212	5.4	534975	2008.0	Twilight	Drama,Fantasy,Romance	movie
2026-09-27	tt0877057	8.9	500665	2006.0	Death Note	Animation,Crime,Drama	series
2026-09-27	tt0417299	9.3	456476	2005.0	Avatar: The Last Airbender	Action,Adventure,Animation	series
2026-09-27	tt0306414	9.3	439844	2002.0	The Wire	Crime,Drama,Thriller	series
2026-09-27	tt6208148	2.2	398587	2025.0	Snow White	Adventure,Family,Fantasy	movie
2026-09-27	tt0388629	9.0	367989	1999.0	One Piece	Action,Adventure,Animation	series
2026-09-27	tt2322441	4.2	359739	2015.0	Fifty Shades of Grey	Drama,Romance,Thriller	movie
2026-09-27	tt1259571	4.8	326821	2009.0	The Twilight Saga: New Moon	Adventure,Drama,Fantasy	movie
2026-09-27	tt14392248	9.1	320001	2021.0	Aspirants	Drama	series
2026-09-27	tt0118688	3.8	285211	1997.0	Batman & Robin	Action,Sci-Fi	movie
2026-09-27	tt1355642	9.1	258666	2009.0	Fullmetal Alchemist: Brotherhood	Action,Adventure,Animation	series
2026-09-27	tt0795176	9.4	236920	2006.0	Planet Earth	Documentary,Family	series
2026-09-27	tt2098220	9.0	205698	2011.0	Hunter X Hunter	Action,Adventure,Animation	series
2026-09-27	tt10888594	1.8	182039	2021.0	Radhe	Action,Thriller	movie
2026-09-27	tt5491994	9.4	176999	2016.0	Planet Earth II	Documentary,Family	series
2026-09-27	tt33043892	9.0	156974	2025.0	Dexter: Resurrection	Crime,Drama,Mystery	series
2026-09-27	tt10233448	8.9	151756	2019.0	Vinland Saga	Action,Adventure,Animation	series
2026-09-27	tt2395695	9.2	141137	2014.0	Cosmos: A Spacetime Odyssey	Documentary,Family	series
2026-09-27	tt12915716	2.6	138463	2023.0	Adipurush	Action,Drama	movie
2026-09-27	tt0327554	3.5	133687	2004.0	Catwoman	Action,Crime,Fantasy	movie
2026-09-27	tt12004706	9.0	119939	2020.0	Panchayat	Comedy,Drama	series
2026-09-27	tt14986406	9.0	114893	2022.0	Bleach: Thousand-Year Blood War	Action,Adventure,Animation	series
2026-09-27	tt0052520	9.0	110503	1959.0	The Twilight Zone	Drama,Fantasy,Horror	series
2026-09-27	tt1831164	9.0	103990	2011.0	Leyla and Mecnun	Adventure,Comedy,Drama	series
2026-09-27	tt0200276	8.9	101118	1999.0	The West Wing	Drama	series
2026-09-27	tt7886848	1.2	97462	2020.0	Sadak 2	Action,Drama	movie
2026-09-27	tt30263074	9.2	87944	2023.0	Sapne Vs Everyone	Drama	series
2026-09-27	tt5622316	9.1	71783	2017.0	The Chosen	Biography,Drama,History	series
2026-09-27	tt9253866	9.2	63873	2019.0	Our Planet	Documentary,Family	series
2026-09-27	tt6769208	9.3	58735	2017.0	Blue Planet II	Documentary,Family	series
2026-09-27	tt0081846	9.3	53791	1980.0	Cosmos	Documentary	series
2026-09-27	tt7678620	9.2	49447	2018.0	Bluey	Animation,Comedy,Family	series
2026-09-27	tt0071075	9.2	38240	1973.0	The World at War	Documentary,History,War	series
2026-09-27	tt10530900	9.1	31927	2019.0	Gullak	Comedy,Drama,Family	series
2026-09-27	tt38268282	9.5	27787	2026.0	Steel Ball Run: JoJo's Bizarre Adventure	Action,Adventure,Animation	series
2026-09-27	tt5275892	8.9	24191	2016.0	O.J.: Made in America	Biography,Crime,Documentary	movie
2026-09-27	tt2571774	8.9	23598	2013.0	Africa	Documentary,Family	series
2026-09-27	tt1508238	9.0	21357	2009.0	Apocalypse: The Second World War	Documentary,History,War	series
2026-09-27	tt7450814	9.1	18786	2017.0	Koombiyo	Crime,Drama,Thriller	series
2026-09-27	tt0259534	9.1	18114	1993.0	Ramayana: The Legend of Prince Rama	Action,Adventure,Animation	movie
2026-09-27	tt13854248	9.1	14035	2021.0	The Legend of Hanuman	Action,Adventure,Animation	series
2026-09-27	tt9002164	9.2	12032	2015.0	BB Ki Vines	Comedy	series
2026-09-27	tt15176374	9.1	10043	2025.0	Unpaarvayil	Thriller	movie
2026-09-27	tt1043822	9.1	10032	2007.0	The Storks Will Return	Comedy,Crime,Drama	series
